<?xml version="1.0" encoding="UTF-8"?>
<SI_RESOURCES xmlns="http://www.stercomm.com/SI/SI_IE_Resources" xmlns:xsi="http://www.w3.org/2001/XMLSchema-instance" GISVersion="6100" FrameworkVersion="2">
<MBXROUTING>
<MBXROUTING>
<ROUTINGRULE>
<RULE_ID>-970733d:18696bbdc36:-65a4</RULE_ID>
<DESCRIPTION>Inbound_NAV_strCcode</DESCRIPTION>
<CREATED_DATETIME>strDateTime</CREATED_DATETIME>
<CREATED_BY>strDev_Name</CREATED_BY>
<EVALUATE_ASAP>1</EVALUATE_ASAP>
<USER_ID>admin</USER_ID>
<PROCESS_NAME>CHR_MB_EXTRACT_GEN_FILEINTERFACE_EXTRACT_MBPATH</PROCESS_NAME>
<MSG_NAME_PAT>*</MSG_NAME_PAT>
<MBXROUTINGDEPENDENTS>
<MAILBOXES>
<MAILBOX>
<BASEPATH>/Inbound/NAV/strCcode</BASEPATH>
<METADATA>
<PARENT_PATH>
</PARENT_PATH>
<PATH>/</PATH>
</METADATA>
<METADATA>
<PARENT_PATH>/</PARENT_PATH>
<PATH>/Inbound</PATH>
</METADATA>
<METADATA>
<PARENT_PATH>/Inbound</PARENT_PATH>
<PATH>/Inbound/NAV</PATH>
</METADATA>
<METADATA>
<PARENT_PATH>/Inbound/NAV</PARENT_PATH>
<PATH>/Inbound/NAV/strCcode</PATH>
</METADATA>
</MAILBOX>
</MAILBOXES>
</MBXROUTINGDEPENDENTS>
</ROUTINGRULE>
</MBXROUTING>
<MBXROUTING>
<ROUTINGRULE>
<RULE_ID>-970733d:18696bbdc36:-65d9</RULE_ID>
<DESCRIPTION>Inbound_NONEDI_strCcode</DESCRIPTION>
<CREATED_DATETIME>strDateTime</CREATED_DATETIME>
<CREATED_BY>strDev_Name</CREATED_BY>
<EVALUATE_ASAP>1</EVALUATE_ASAP>
<USER_ID>admin</USER_ID>
<PROCESS_NAME>CHR_MB_EXTRACT_GEN_FILEINTERFACE_EXTRACT_MBPATH</PROCESS_NAME>
<MSG_NAME_PAT>*</MSG_NAME_PAT>
<MBXROUTINGDEPENDENTS>
<MAILBOXES>
<MAILBOX>
<BASEPATH>/Inbound/NONEDI/strCcode</BASEPATH>
<METADATA>
<PARENT_PATH>
</PARENT_PATH>
<PATH>/</PATH>
</METADATA>
<METADATA>
<PARENT_PATH>/</PARENT_PATH>
<PATH>/Inbound</PATH>
</METADATA>
<METADATA>
<PARENT_PATH>/Inbound</PARENT_PATH>
<PATH>/Inbound/NONEDI</PATH>
</METADATA>
<METADATA>
<PARENT_PATH>/Inbound/NONEDI</PARENT_PATH>
<PATH>/Inbound/NONEDI/strCcode</PATH>
</METADATA>
</MAILBOX>
</MAILBOXES>
</MBXROUTINGDEPENDENTS>
</ROUTINGRULE>
</MBXROUTING>
<MBXROUTING>
<ROUTINGRULE>
<RULE_ID>740609cf:187727b2f70:40c1</RULE_ID>
<DESCRIPTION>Inbound_NONEDI_strCcode_204CharRepl</DESCRIPTION>
<CREATED_DATETIME>strDateTime</CREATED_DATETIME>
<CREATED_BY>strDev_Name</CREATED_BY>
<EVALUATE_ASAP>1</EVALUATE_ASAP>
<USER_ID>admin</USER_ID>
<PROCESS_NAME>CHR_MB_EXTRACT_IB_NONEDI</PROCESS_NAME>
<MSG_NAME_PAT>*</MSG_NAME_PAT>
<MBXROUTINGDEPENDENTS>
<MAILBOXES>
<MAILBOX>
<BASEPATH>/Inbound/NONEDI/strCcode/204CharRepl</BASEPATH>
<METADATA>
<PARENT_PATH>
</PARENT_PATH>
<PATH>/</PATH>
</METADATA>
<METADATA>
<PARENT_PATH>/</PARENT_PATH>
<PATH>/Inbound</PATH>
</METADATA>
<METADATA>
<PARENT_PATH>/Inbound</PARENT_PATH>
<PATH>/Inbound/NONEDI</PATH>
</METADATA>
<METADATA>
<PARENT_PATH>/Inbound/NONEDI</PARENT_PATH>
<PATH>/Inbound/NONEDI/strCcode</PATH>
</METADATA>
<METADATA>
<PARENT_PATH>/Inbound/NONEDI/strCcode</PARENT_PATH>
<PATH>/Inbound/NONEDI/strCcode/204CharRepl</PATH>
</METADATA>
</MAILBOX>
</MAILBOXES>
</MBXROUTINGDEPENDENTS>
</ROUTINGRULE>
</MBXROUTING>
</MBXROUTING>
<MBXMETA>
<MBXMETA>
<MAILBOX>
<BASEPATH>/Inbound/NAV/strCcode</BASEPATH>
<METADATA>
<PARENT_PATH>
</PARENT_PATH>
<PATH>/</PATH>
<DESCRIPTION>Root Mailbox</DESCRIPTION>
<MBXMETADEPENDENTS>
<PERMISSION>
<PERMISSION_ID>/.mbx</PERMISSION_ID>
</PERMISSION>
</MBXMETADEPENDENTS>
</METADATA>
<METADATA>
<PARENT_PATH>/</PARENT_PATH>
<PATH>/Inbound</PATH>
<DESCRIPTION>Parent to all Inbound MBs</DESCRIPTION>
<MBXMETADEPENDENTS>
<PERMISSION>
<PERMISSION_ID>/Inbound.mbx</PERMISSION_ID>
</PERMISSION>
<USERS>
<USER>
<USER_ID>admin</USER_ID>
</USER>
</USERS>
<GROUPS>
<GROUP>
<GROUP_ID>CHR_Mailbox_Admin</GROUP_ID>
</GROUP>
<GROUP>
<GROUP_ID>CHR Development</GROUP_ID>
</GROUP>
</GROUPS>
</MBXMETADEPENDENTS>
</METADATA>
<METADATA>
<PARENT_PATH>/Inbound</PARENT_PATH>
<PATH>/Inbound/NAV</PATH>
<DESCRIPTION>Parent mailbox for all FOLDEREXTRACT mailboxes</DESCRIPTION>
<MBXMETADEPENDENTS>
<PERMISSION>
<PERMISSION_ID>/Inbound/NAV.mbx</PERMISSION_ID>
</PERMISSION>
<USERS>
<USER>
<USER_ID>admin</USER_ID>
</USER>
</USERS>
<GROUPS>
<GROUP>
<GROUP_ID>CHR_Mailbox_Admin</GROUP_ID>
</GROUP>
</GROUPS>
</MBXMETADEPENDENTS>
</METADATA>
<METADATA>
<PARENT_PATH>/Inbound/NAV</PARENT_PATH>
<PATH>/Inbound/NAV/strCcode</PATH>
<DESCRIPTION>strCustomer_Name IB Mailbox</DESCRIPTION>
<MBXMETADEPENDENTS>
<PERMISSION>
<PERMISSION_ID>/Inbound/NAV/strCcode.mbx</PERMISSION_ID>
</PERMISSION>
<USERS>
<USER>
<USER_ID>admin</USER_ID>
</USER>
</USERS>
<GROUPS>
<GROUP>
<GROUP_ID>CHR_Mailbox_Admin</GROUP_ID>
</GROUP>
</GROUPS>
</MBXMETADEPENDENTS>
</METADATA>
</MAILBOX>
</MBXMETA>
<MBXMETA>
<MAILBOX>
<BASEPATH>/Inbound/NONEDI/strCcode</BASEPATH>
<METADATA>
<PARENT_PATH>
</PARENT_PATH>
<PATH>/</PATH>
<DESCRIPTION>Root Mailbox</DESCRIPTION>
<MBXMETADEPENDENTS>
<PERMISSION>
<PERMISSION_ID>/.mbx</PERMISSION_ID>
</PERMISSION>
</MBXMETADEPENDENTS>
</METADATA>
<METADATA>
<PARENT_PATH>/</PARENT_PATH>
<PATH>/Inbound</PATH>
<DESCRIPTION>Parent to all Inbound MBs</DESCRIPTION>
<MBXMETADEPENDENTS>
<PERMISSION>
<PERMISSION_ID>/Inbound.mbx</PERMISSION_ID>
</PERMISSION>
<USERS>
<USER>
<USER_ID>admin</USER_ID>
</USER>
</USERS>
<GROUPS>
<GROUP>
<GROUP_ID>CHR_Mailbox_Admin</GROUP_ID>
</GROUP>
<GROUP>
<GROUP_ID>CHR Development</GROUP_ID>
</GROUP>
</GROUPS>
</MBXMETADEPENDENTS>
</METADATA>
<METADATA>
<PARENT_PATH>/Inbound</PARENT_PATH>
<PATH>/Inbound/NONEDI</PATH>
<DESCRIPTION>Parent to all inbound NONEDI mailboxes</DESCRIPTION>
<MBXMETADEPENDENTS>
<PERMISSION>
<PERMISSION_ID>/Inbound/NONEDI.mbx</PERMISSION_ID>
</PERMISSION>
<USERS>
<USER>
<USER_ID>admin</USER_ID>
</USER>
</USERS>
<GROUPS>
<GROUP>
<GROUP_ID>CHR_Mailbox_Admin</GROUP_ID>
</GROUP>
<GROUP>
<GROUP_ID>CHR Development</GROUP_ID>
</GROUP>
</GROUPS>
</MBXMETADEPENDENTS>
</METADATA>
<METADATA>
<PARENT_PATH>/Inbound/NONEDI</PARENT_PATH>
<PATH>/Inbound/NONEDI/strCcode</PATH>
<DESCRIPTION>strCustomer_Name IB Mailbox</DESCRIPTION>
<MBXMETADEPENDENTS>
<PERMISSION>
<PERMISSION_ID>/Inbound/NONEDI/strCcode.mbx</PERMISSION_ID>
</PERMISSION>
<USERS>
<USER>
<USER_ID>admin</USER_ID>
</USER>
</USERS>
<GROUPS>
<GROUP>
<GROUP_ID>CHR_Mailbox_Admin</GROUP_ID>
</GROUP>
</GROUPS>
</MBXMETADEPENDENTS>
</METADATA>
</MAILBOX>
</MBXMETA>
<MBXMETA>
<MAILBOX>
<BASEPATH>/Inbound/NONEDI/strCcode/204CharRepl</BASEPATH>
<METADATA>
<PARENT_PATH>
</PARENT_PATH>
<PATH>/</PATH>
<DESCRIPTION>Root Mailbox</DESCRIPTION>
<MBXMETADEPENDENTS>
<PERMISSION>
<PERMISSION_ID>/.mbx</PERMISSION_ID>
</PERMISSION>
</MBXMETADEPENDENTS>
</METADATA>
<METADATA>
<PARENT_PATH>/</PARENT_PATH>
<PATH>/Inbound</PATH>
<DESCRIPTION>Parent to all Inbound MBs</DESCRIPTION>
<MBXMETADEPENDENTS>
<PERMISSION>
<PERMISSION_ID>/Inbound.mbx</PERMISSION_ID>
</PERMISSION>
<USERS>
<USER>
<USER_ID>admin</USER_ID>
</USER>
</USERS>
<GROUPS>
<GROUP>
<GROUP_ID>CHR_Mailbox_Admin</GROUP_ID>
</GROUP>
<GROUP>
<GROUP_ID>CHR Development</GROUP_ID>
</GROUP>
</GROUPS>
</MBXMETADEPENDENTS>
</METADATA>
<METADATA>
<PARENT_PATH>/Inbound</PARENT_PATH>
<PATH>/Inbound/NONEDI</PATH>
<DESCRIPTION>Parent to all inbound NONEDI mailboxes</DESCRIPTION>
<MBXMETADEPENDENTS>
<PERMISSION>
<PERMISSION_ID>/Inbound/NONEDI.mbx</PERMISSION_ID>
</PERMISSION>
<USERS>
<USER>
<USER_ID>admin</USER_ID>
</USER>
</USERS>
<GROUPS>
<GROUP>
<GROUP_ID>CHR_Mailbox_Admin</GROUP_ID>
</GROUP>
<GROUP>
<GROUP_ID>CHR Development</GROUP_ID>
</GROUP>
</GROUPS>
</MBXMETADEPENDENTS>
</METADATA>
<METADATA>
<PARENT_PATH>/Inbound/NONEDI</PARENT_PATH>
<PATH>/Inbound/NONEDI/strCcode</PATH>
<DESCRIPTION>strCustomer_Name IB Mailbox</DESCRIPTION>
<MBXMETADEPENDENTS>
<PERMISSION>
<PERMISSION_ID>/Inbound/NONEDI/strCcode.mbx</PERMISSION_ID>
</PERMISSION>
<USERS>
<USER>
<USER_ID>admin</USER_ID>
</USER>
</USERS>
<GROUPS>
<GROUP>
<GROUP_ID>CHR_Mailbox_Admin</GROUP_ID>
</GROUP>
</GROUPS>
</MBXMETADEPENDENTS>
</METADATA>
<METADATA>
<PARENT_PATH>/Inbound/NONEDI/strCcode</PARENT_PATH>
<PATH>/Inbound/NONEDI/strCcode/204CharRepl</PATH>
<DESCRIPTION>strCustomer_Name IB Mailbox</DESCRIPTION>
<MBXMETADEPENDENTS>
<PERMISSION>
<PERMISSION_ID>/Inbound/NONEDI/strCcode/204CharRepl.mbx</PERMISSION_ID>
</PERMISSION>
<USERS>
<USER>
<USER_ID>admin</USER_ID>
</USER>
</USERS>
<GROUPS>
<GROUP>
<GROUP_ID>CHR_Mailbox_Admin</GROUP_ID>
</GROUP>
</GROUPS>
</MBXMETADEPENDENTS>
</METADATA>
</MAILBOX>
</MBXMETA>
</MBXMETA>
<USERS>
<USER>
<METADATA>
<USER_ID>admin</USER_ID>
<PASSWORD>4BcQn2ACxugWh7Yi+slodGRy6d05cV323FuQP7UfHgE=</PASSWORD>
<SALT>rDqbmRgMBaKODiNMK1X8sA==</SALT>
<LANG>xx</LANG>
<EMAIL>chr2pr1ap28PROD@chrobinson.com</EMAIL>
<FNAME>Joe</FNAME>
<LNAME>User</LNAME>
<PAGER>
</PAGER>
<VERSION>
</VERSION>
<DOWNLOAD_TIME>
</DOWNLOAD_TIME>
<SUPER>true</SUPER>
<PARENT_ID>
</PARENT_ID>
<MENU_ID>PLTADM_MENU</MENU_ID>
<THEME>sapphire</THEME>
<ENTITY_ID>1537845018179</ENTITY_ID>
<STATUS>1</STATUS>
<TIMEOUT>6000</TIMEOUT>
<POLICY_ID>
</POLICY_ID>
<PWD_MOD_DATE>1473842554000</PWD_MOD_DATE>
<DASH_USER_ID>0</DASH_USER_ID>
<CONFIRM_VALUE>
</CONFIRM_VALUE>
<MODIFIED>1373551327000</MODIFIED>
<CREATED>1330021229000</CREATED>
<LAST_LOGIN>
</LAST_LOGIN>
<DISABLED>
</DISABLED>
<SECURITY_CODE>0</SECURITY_CODE>
<USER_TYPE>INTERNAL</USER_TYPE>
<CHANGE_PASS_NEXT>false</CHANGE_PASS_NEXT>
<RESTRICTED_USER>true</RESTRICTED_USER>
</METADATA>
<USERDEPENDENTS>
<USERXPERMS>
<USERXPERM>
<METADATA>
<USER_ID>admin</USER_ID>
<PERMISSION_ID>/Inbound.mbx</PERMISSION_ID>
<STATUS>1</STATUS>
<RIGHTS>2047</RIGHTS>
<POST_UI_RLZTN>true</POST_UI_RLZTN>
</METADATA>
</USERXPERM>
<USERXPERM>
<METADATA>
<USER_ID>admin</USER_ID>
<PERMISSION_ID>/Inbound/NAV.mbx</PERMISSION_ID>
<STATUS>1</STATUS>
<RIGHTS>2047</RIGHTS>
<POST_UI_RLZTN>true</POST_UI_RLZTN>
</METADATA>
</USERXPERM>
<USERXPERM>
<METADATA>
<USER_ID>admin</USER_ID>
<PERMISSION_ID>/Inbound/NONEDI.mbx</PERMISSION_ID>
<STATUS>1</STATUS>
<RIGHTS>2047</RIGHTS>
<POST_UI_RLZTN>true</POST_UI_RLZTN>
</METADATA>
</USERXPERM>
<USERXPERM>
<METADATA>
<USER_ID>admin</USER_ID>
<PERMISSION_ID>/Inbound/NAV/strCcode.mbx</PERMISSION_ID>
<STATUS>1</STATUS>
<RIGHTS>2047</RIGHTS>
<POST_UI_RLZTN>true</POST_UI_RLZTN>
</METADATA>
</USERXPERM>
<USERXPERM>
<METADATA>
<USER_ID>admin</USER_ID>
<PERMISSION_ID>/Inbound/NONEDI/strCcode.mbx</PERMISSION_ID>
<STATUS>1</STATUS>
<RIGHTS>2047</RIGHTS>
<POST_UI_RLZTN>true</POST_UI_RLZTN>
</METADATA>
</USERXPERM>
<USERXPERM>
<METADATA>
<USER_ID>admin</USER_ID>
<PERMISSION_ID>/Inbound/NONEDI/strCcode/204CharRepl.mbx</PERMISSION_ID>
<STATUS>1</STATUS>
<RIGHTS>2047</RIGHTS>
<POST_UI_RLZTN>true</POST_UI_RLZTN>
</METADATA>
</USERXPERM>
</USERXPERMS>
</USERDEPENDENTS>
</USER>
</USERS>
<GROUPS>
<GROUP>
<METADATA>
<GROUP_ID>CHR Development</GROUP_ID>
<GROUP_NAME>CHR Development</GROUP_NAME>
<ENTITY_ID>
</ENTITY_ID>
<STATUS>1</STATUS>
<GROUP_OWNER_ID>
</GROUP_OWNER_ID>
<RESTRICTED_GROUP>true</RESTRICTED_GROUP>
</METADATA>
<GROUPDEPENDENTS>
<GROUPXPERMS>
<GROUPXPERM>
<METADATA>
<GROUP_ID>CHR Development</GROUP_ID>
<PERMISSION_ID>/Inbound.mbx</PERMISSION_ID>
<RIGHTS>2047</RIGHTS>
<POST_UI_RLZTN>true</POST_UI_RLZTN>
</METADATA>
</GROUPXPERM>
<GROUPXPERM>
<METADATA>
<GROUP_ID>CHR Development</GROUP_ID>
<PERMISSION_ID>/Inbound/NONEDI.mbx</PERMISSION_ID>
<RIGHTS>2047</RIGHTS>
<POST_UI_RLZTN>true</POST_UI_RLZTN>
</METADATA>
</GROUPXPERM>
</GROUPXPERMS>
</GROUPDEPENDENTS>
</GROUP>
<GROUP>
<METADATA>
<GROUP_ID>CHR_Mailbox_Admin</GROUP_ID>
<GROUP_NAME>CHR Mailbox Administrators</GROUP_NAME>
<ENTITY_ID>
</ENTITY_ID>
<STATUS>1</STATUS>
<GROUP_OWNER_ID>
</GROUP_OWNER_ID>
<RESTRICTED_GROUP>true</RESTRICTED_GROUP>
</METADATA>
<GROUPDEPENDENTS>
<GROUPXPERMS>
<GROUPXPERM>
<METADATA>
<GROUP_ID>CHR_Mailbox_Admin</GROUP_ID>
<PERMISSION_ID>/Inbound.mbx</PERMISSION_ID>
<RIGHTS>2047</RIGHTS>
<POST_UI_RLZTN>true</POST_UI_RLZTN>
</METADATA>
</GROUPXPERM>
<GROUPXPERM>
<METADATA>
<GROUP_ID>CHR_Mailbox_Admin</GROUP_ID>
<PERMISSION_ID>/Inbound/NONEDI.mbx</PERMISSION_ID>
<RIGHTS>2047</RIGHTS>
<POST_UI_RLZTN>true</POST_UI_RLZTN>
</METADATA>
</GROUPXPERM>
<GROUPXPERM>
<METADATA>
<GROUP_ID>CHR_Mailbox_Admin</GROUP_ID>
<PERMISSION_ID>/Inbound/NAV.mbx</PERMISSION_ID>
<RIGHTS>2047</RIGHTS>
<POST_UI_RLZTN>true</POST_UI_RLZTN>
</METADATA>
</GROUPXPERM>
<GROUPXPERM>
<METADATA>
<GROUP_ID>CHR_Mailbox_Admin</GROUP_ID>
<PERMISSION_ID>/Inbound/NONEDI/strCcode.mbx</PERMISSION_ID>
<RIGHTS>2047</RIGHTS>
<POST_UI_RLZTN>true</POST_UI_RLZTN>
</METADATA>
</GROUPXPERM>
<GROUPXPERM>
<METADATA>
<GROUP_ID>CHR_Mailbox_Admin</GROUP_ID>
<PERMISSION_ID>/Inbound/NAV/strCcode.mbx</PERMISSION_ID>
<RIGHTS>2047</RIGHTS>
<POST_UI_RLZTN>true</POST_UI_RLZTN>
</METADATA>
</GROUPXPERM>
<GROUPXPERM>
<METADATA>
<GROUP_ID>CHR_Mailbox_Admin</GROUP_ID>
<PERMISSION_ID>/Inbound/NONEDI/strCcode/204CharRepl.mbx</PERMISSION_ID>
<RIGHTS>2047</RIGHTS>
<POST_UI_RLZTN>true</POST_UI_RLZTN>
</METADATA>
</GROUPXPERM>
</GROUPXPERMS>
</GROUPDEPENDENTS>
</GROUP>
</GROUPS>
<PERMISSIONS>
<PERMISSION>
<METADATA>
<PERMISSION_ID>/.mbx</PERMISSION_ID>
<PERMISSION>/ Mailbox</PERMISSION>
<STATUS>1</STATUS>
<TYPE>1</TYPE>
</METADATA>
</PERMISSION>
<PERMISSION>
<METADATA>
<PERMISSION_ID>/Inbound.mbx</PERMISSION_ID>
<PERMISSION>/Inbound Mailbox</PERMISSION>
<STATUS>1</STATUS>
<TYPE>1</TYPE>
</METADATA>
</PERMISSION>
<PERMISSION>
<METADATA>
<PERMISSION_ID>/Inbound/NAV.mbx</PERMISSION_ID>
<PERMISSION>/Inbound/NAV Mailbox</PERMISSION>
<STATUS>1</STATUS>
<TYPE>1</TYPE>
</METADATA>
</PERMISSION>
<PERMISSION>
<METADATA>
<PERMISSION_ID>/Inbound/NAV/strCcode.mbx</PERMISSION_ID>
<PERMISSION>/Inbound/NAV/strCcode Mailbox</PERMISSION>
<STATUS>1</STATUS>
<TYPE>1</TYPE>
</METADATA>
</PERMISSION>
<PERMISSION>
<METADATA>
<PERMISSION_ID>/Inbound/NONEDI.mbx</PERMISSION_ID>
<PERMISSION>/Inbound/NONEDI Mailbox</PERMISSION>
<STATUS>1</STATUS>
<TYPE>1</TYPE>
</METADATA>
</PERMISSION>
<PERMISSION>
<METADATA>
<PERMISSION_ID>/Inbound/NONEDI/strCcode.mbx</PERMISSION_ID>
<PERMISSION>/Inbound/NONEDI/strCcode Mailbox</PERMISSION>
<STATUS>1</STATUS>
<TYPE>1</TYPE>
</METADATA>
</PERMISSION>
<PERMISSION>
<METADATA>
<PERMISSION_ID>/Inbound/NONEDI/strCcode/204CharRepl.mbx</PERMISSION_ID>
<PERMISSION>/Inbound/NONEDI/strCcode/204CharRepl Mailbox</PERMISSION>
<STATUS>1</STATUS>
<TYPE>1</TYPE>
</METADATA>
</PERMISSION>
</PERMISSIONS>
</SI_RESOURCES>